date,time,open,high,low,close,volume
2025-04-23,901,4.98,4.98,4.98,4.98,200
2025-04-23,930,4.81,4.81,4.705,4.705,414
2025-04-23,931,4.77,4.77,4.77,4.77,182
2025-04-23,932,4.75,4.75,4.72,4.75,6211
2025-04-23,933,4.87,4.87,4.79,4.85,901
2025-04-23,935,4.8,5.0,4.8,5.0,16414
2025-04-23,936,5.0,5.0,4.97,4.97,7160
2025-04-23,937,4.81,4.81,4.81,4.81,218
2025-04-23,1000,4.81,4.81,4.81,4.81,100
2025-04-23,1014,4.82,4.865,4.82,4.865,237
2025-04-23,1047,4.71,4.735,4.71,4.735,205
2025-04-23,1059,4.7732,4.7732,4.7732,4.7732,200
2025-04-23,1116,4.82,4.82,4.8,4.8,699
2025-04-23,1123,4.8,4.8,4.8,4.8,100
2025-04-23,1125,4.745,4.745,4.745,4.745,200
2025-04-23,1127,4.7999,4.7999,4.7999,4.7999,1002
2025-04-23,1128,4.7999,4.7999,4.7999,4.7999,1005
2025-04-23,1129,4.7999,4.7999,4.78,4.79,1036
2025-04-23,1131,4.78,4.8,4.78,4.8,1025
2025-04-23,1132,4.8499,4.8499,4.84,4.8499,1003
2025-04-23,1134,4.85,4.85,4.66,4.66,301
2025-04-23,1135,4.9,5.005,4.9,5.005,6080
2025-04-23,1136,5.1,5.1,5.0,5.0,807
2025-04-23,1137,5.005,5.1,4.955,4.98,11805
2025-04-23,1138,4.93,4.94,4.93,4.94,558
2025-04-23,1139,4.9501,4.99,4.9,4.93,5922
2025-04-23,1140,4.92,4.93,4.87,4.885,5162
2025-04-23,1141,4.87,4.94,4.825,4.825,2930
2025-04-23,1143,4.82,4.82,4.815,4.815,446
2025-04-23,1144,4.82,4.82,4.815,4.815,876
2025-04-23,1153,4.64,4.65,4.632,4.632,468
2025-04-23,1205,4.815,4.815,4.815,4.815,337
2025-04-23,1330,4.77,4.77,4.77,4.77,100
2025-04-23,1347,4.86,4.86,4.86,4.86,341
2025-04-23,1356,4.73,4.73,4.73,4.73,149
2025-04-23,1435,4.67,4.67,4.67,4.67,135
2025-04-23,1512,4.69,4.69,4.69,4.69,100
2025-04-23,1513,4.79,4.79,4.79,4.79,100
2025-04-23,1521,4.7,4.8,4.7,4.8,594
2025-04-23,1524,4.67,4.67,4.67,4.67,100
2025-04-23,1544,4.7,4.7,4.7,4.7,180
2025-04-23,1548,4.73,4.73,4.73,4.73,100
2025-04-23,1559,4.905,4.95,4.74,4.74,1002
2025-04-23,1602,4.76,4.76,4.76,4.76,446
2025-04-24,946,4.68,4.68,4.68,4.68,151
2025-04-24,1107,4.85,4.85,4.85,4.85,105
2025-04-24,1133,4.71,4.71,4.65,4.65,904
2025-04-24,1439,4.59,4.59,4.59,4.59,198
2025-04-24,1442,4.54,4.54,4.54,4.54,126
2025-04-24,1513,4.58,4.67,4.58,4.67,1309
2025-04-24,1550,4.6648,4.6648,4.6648,4.6648,150
2025-04-24,1558,4.67,4.67,4.67,4.67,423
2025-04-25,1118,4.74,4.74,4.74,4.74,208
2025-04-25,1119,4.76,4.86,4.62,4.86,7151
2025-04-25,1120,4.91,5.031,4.88,5.03,8129
2025-04-25,1121,5.1,5.1,4.92,4.93,3501
2025-04-25,1122,4.8499,5.0,4.83,4.83,1653
2025-04-25,1126,4.88,4.88,4.85,4.85,722
2025-04-25,1131,4.85,4.85,4.85,4.85,337
2025-04-25,1150,4.84,4.89,4.84,4.89,2412
2025-04-25,1151,4.9,4.9,4.9,4.9,219
2025-04-25,1209,5.0,5.03,4.9,4.9692,6590
2025-04-25,1210,5.015,5.62,5.015,5.527,9055
2025-04-25,1211,5.5012,5.5989,5.2518,5.41,19326
2025-04-25,1212,5.41,5.4988,5.133,5.28,13832
2025-04-25,1213,5.28,5.28,5.15,5.28,1100
2025-04-25,1215,5.295,5.295,5.295,5.295,502
2025-04-25,1216,5.2896,5.295,5.16,5.28,820
2025-04-25,1217,5.16,5.295,5.16,5.225,985
2025-04-25,1219,5.188,5.21,5.188,5.21,872
2025-04-25,1223,5.1619,5.1619,5.16,5.16,668
2025-04-25,1225,5.145,5.145,5.145,5.145,219
2025-04-25,1227,5.1699,5.1699,5.1699,5.1699,224
2025-04-25,1236,5.005,5.005,5.005,5.005,666
2025-04-25,1237,5.005,5.01,4.97,4.97,1653
2025-04-25,1238,4.98,4.98,4.98,4.98,100
2025-04-25,1241,4.89,5.05,4.88,5.05,3946
2025-04-25,1242,5.05,5.05,5.05,5.05,601
2025-04-25,1243,4.9473,5.05,4.9473,5.05,1100
2025-04-25,1248,5.0501,5.105,5.0501,5.105,271
2025-04-25,1251,5.15,5.15,5.15,5.15,149
2025-04-25,1300,5.23,5.23,5.21,5.22,1120
2025-04-25,1325,5.09,5.09,5.0105,5.05,602
2025-04-25,1326,5.055,5.06,5.055,5.06,633
2025-04-25,1352,5.13,5.13,5.13,5.13,211
2025-04-25,1353,5.03,5.13,5.03,5.13,636
2025-04-25,1408,5.08,5.08,5.08,5.08,121
2025-04-25,1419,5.14,5.15,5.14,5.15,249
2025-04-25,1422,5.23,5.28,5.22,5.28,703
2025-04-25,1423,5.37,5.6,5.26,5.59,5889
2025-04-25,1424,5.65,5.78,5.65,5.7706,6881
2025-04-25,1425,5.7701,5.78,5.555,5.555,9669
2025-04-25,1426,5.65,5.6985,5.55,5.55,3103
2025-04-25,1427,5.55,5.55,5.55,5.55,610
2025-04-25,1430,5.55,5.55,5.55,5.55,145
2025-04-25,1432,5.57,5.57,5.5605,5.5605,345
2025-04-25,1434,5.63,5.63,5.63,5.63,227
2025-04-25,1443,5.63,5.63,5.63,5.63,271
2025-04-25,1444,5.685,5.685,5.63,5.63,402
2025-04-25,1450,5.69,5.69,5.69,5.69,536
2025-04-25,1451,5.58,5.78,5.58,5.78,1086
2025-04-25,1452,5.83,5.83,5.83,5.83,260
2025-04-25,1455,5.63,5.63,5.63,5.63,414
2025-04-25,1459,5.6,5.75,5.182,5.75,683
2025-04-25,1500,5.74,5.74,5.74,5.74,115
2025-04-25,1505,5.635,5.635,5.635,5.635,356
2025-04-25,1531,5.75,5.85,5.7,5.85,2274
2025-04-25,1534,5.981,5.981,5.981,5.981,4025
2025-04-25,1539,5.9,5.9,5.9,5.9,385
2025-04-25,1541,5.83,5.96,5.82,5.96,1974
2025-04-25,1542,5.97,5.97,5.97,5.97,1183
2025-04-25,1543,5.84,5.84,5.84,5.84,803
2025-04-25,1547,5.98,6.0,5.98,6.0,1170
2025-04-25,1548,6.0,6.05,5.81,5.9937,3570
2025-04-25,1549,6.09,6.14,6.0095,6.0945,882
2025-04-25,1550,6.14,6.64,6.14,6.64,4363
2025-04-25,1600,7.73,8.4,7.0,7.2,31639
2025-04-25,1601,6.85,7.17,6.77,6.77,6827
2025-04-25,1602,6.75,6.75,6.35,6.64,10914
2025-04-25,1603,6.6744,6.99,6.36,6.65,1920
2025-04-25,1604,6.6,6.91,6.6,6.91,1012
2025-04-25,1605,6.78,6.89,6.78,6.86,958
2025-04-25,1606,6.89,6.89,6.73,6.89,853
2025-04-25,1607,6.91,6.91,6.88,6.89,752
2025-04-25,1608,6.54,6.55,6.54,6.55,522
2025-04-25,1609,6.56,6.94,6.48,6.94,1119
2025-04-25,1611,6.36,6.36,6.06,6.06,1460
2025-04-25,1612,5.8524,6.01,5.8524,6.0,3392
2025-04-25,1613,6.08,6.08,6.0,6.08,1553
2025-04-25,1614,6.08,6.08,6.08,6.08,223
2025-04-25,1617,6.12,6.12,6.11,6.11,300
2025-04-25,1622,6.3,6.3,6.3,6.3,319
2025-04-25,1623,6.33,6.33,6.33,6.33,141
2025-04-25,1625,6.5,6.5,6.5,6.5,485
2025-04-25,1626,6.5,6.5,6.5,6.5,281
2025-04-25,1628,6.47,6.47,6.44,6.47,2553
2025-04-25,1634,6.4,6.41,6.4,6.41,926
2025-04-25,1639,6.81,6.81,6.81,6.81,122
2025-04-25,1640,6.58,6.58,6.56,6.58,919
2025-04-25,1644,6.56,6.56,6.56,6.56,212
2025-04-25,1645,6.6,6.6,6.58,6.6,657
2025-04-25,1646,6.4,6.4,6.4,6.4,206
2025-04-25,1655,6.76,6.89,6.76,6.89,1213
2025-04-25,1656,6.76,6.76,6.76,6.76,177
2025-04-25,1720,6.87,6.87,6.87,6.87,250
2025-04-25,1738,6.6999,6.7,6.6999,6.7,232
2025-04-25,1739,6.69,6.69,6.69,6.69,188
2025-04-25,1747,6.69,6.69,6.69,6.69,166
2025-04-25,1759,6.7,6.7,6.7,6.7,359
2025-04-25,1838,6.5,6.5,6.5,6.5,157
2025-04-25,1923,6.5,6.5,6.5,6.5,100
2025-04-25,1934,6.6,6.66,6.6,6.66,650
2025-04-25,1959,6.7,6.89,6.7,6.89,908
2025-04-28,414,6.41,6.41,6.41,6.41,126
2025-04-28,600,6.52,6.52,6.49,6.49,300
2025-04-28,753,6.4,6.4,6.4,6.4,196
2025-04-28,800,6.48,6.48,6.3899,6.39,536
2025-04-28,806,6.4236,6.4236,6.4236,6.4236,111
2025-04-28,909,6.7,6.7,6.7,6.7,262
2025-04-28,930,6.94,6.94,6.85,6.85,2483
2025-04-28,933,6.8,6.8,6.797,6.8,2675
2025-04-28,934,6.9,7.0,6.85,6.85,1392
2025-04-28,935,7.2,7.2,7.2,7.2,223
2025-04-28,937,6.8,7.2,6.8,7.1453,1623
2025-04-28,939,6.9908,6.9908,6.9908,6.9908,311
2025-04-28,940,6.84,6.84,6.7445,6.7445,700
2025-04-28,950,6.96,6.96,6.96,6.96,187
2025-04-28,953,6.9672,6.9672,6.9672,6.9672,408
2025-04-28,958,6.96,6.96,6.96,6.96,211
2025-04-28,1003,6.89,6.89,6.89,6.89,103
2025-04-28,1007,6.89,6.89,6.89,6.89,181
2025-04-28,1012,6.7822,6.8019,6.7822,6.8019,230
2025-04-28,1013,6.8,6.8,6.8,6.8,200
2025-04-28,1023,6.885,6.885,6.885,6.885,301
2025-04-28,1027,6.79,6.79,6.79,6.79,100
2025-04-28,1047,6.7,6.7,6.7,6.7,511
2025-04-28,1112,6.99,6.99,6.99,6.99,1000
2025-04-28,1114,6.9899,6.9899,6.9899,6.9899,200
2025-04-28,1120,6.99,6.99,6.99,6.99,4000
2025-04-28,1125,6.84,6.84,6.84,6.84,145
2025-04-28,1130,6.7913,6.94,6.7913,6.94,300
2025-04-28,1137,6.95,6.95,6.95,6.95,100
2025-04-28,1158,6.9403,6.9403,6.9403,6.9403,100
2025-04-28,1309,6.95,6.95,6.95,6.95,451
2025-04-28,1310,6.94,6.94,6.94,6.94,100
2025-04-28,1312,6.99,6.99,6.99,6.99,1432
2025-04-28,1314,6.9357,6.9357,6.9357,6.9357,280
2025-04-28,1337,6.9605,7.025,6.96,6.96,993
2025-04-28,1346,7.06,7.06,7.06,7.06,112
2025-04-28,1347,7.06,7.18,7.04,7.1,2956
2025-04-28,1348,7.0688,7.27,7.0688,7.25,6831
2025-04-28,1349,7.245,7.8,7.23,7.7,3930
2025-04-28,1350,7.5,7.71,7.36,7.36,10757
2025-04-28,1351,7.41,7.6517,7.31,7.31,3743
2025-04-28,1353,7.35,7.35,7.35,7.35,371
2025-04-28,1405,7.175,7.175,7.175,7.175,117
2025-04-28,1406,7.15,7.15,7.15,7.15,200
2025-04-28,1407,7.1499,7.15,7.1499,7.15,1000
2025-04-28,1408,7.15,7.15,7.15,7.15,100
2025-04-28,1413,7.2,7.2,7.2,7.2,201
2025-04-28,1430,6.9501,6.9501,6.9501,6.9501,200
2025-04-28,1455,7.0261,7.0261,7.0261,7.0261,100
2025-04-28,1504,7.1287,7.25,7.1287,7.25,3616
2025-04-28,1505,7.29,7.4589,7.27,7.4589,4013
2025-04-28,1506,7.56,7.93,7.56,7.87,14559
2025-04-28,1507,7.71,7.71,7.71,7.71,953
2025-04-28,1508,7.6801,7.6801,7.5414,7.5414,2605
2025-04-28,1510,7.5,7.5,7.42,7.43,538
2025-04-28,1511,7.68,7.68,7.68,7.68,299
2025-04-28,1512,7.0701,7.42,7.0701,7.42,700
2025-04-28,1525,7.57,7.58,7.57,7.58,344
2025-04-28,1531,7.6499,7.6499,7.6499,7.6499,200
2025-04-28,1549,7.555,7.555,7.555,7.555,501
2025-04-28,1551,7.51,7.51,7.51,7.51,105
2025-04-28,1552,7.51,7.51,7.51,7.51,151
2025-04-28,1554,7.6099,7.6099,7.6099,7.6099,410
2025-04-28,1555,7.535,7.56,7.51,7.51,817
2025-04-28,1558,7.4742,7.4742,7.4742,7.4742,320
2025-04-28,1559,7.17,7.17,7.15,7.15,765
2025-04-28,1600,7.5,7.5,7.5,7.5,186
2025-04-28,1619,7.3,7.3,7.3,7.3,100
2025-04-28,1633,7.5,7.5,7.5,7.5,100
2025-04-28,1718,7.5,7.5,7.5,7.5,251
2025-04-28,1730,7.5,7.5,7.4999,7.4999,412
2025-04-28,1746,7.65,7.65,7.65,7.65,202
2025-04-29,930,7.18,7.18,7.18,7.18,3255
2025-04-29,931,7.2,7.2,7.2,7.2,208
2025-04-29,934,7.38,7.38,7.38,7.38,100
2025-04-29,935,7.38,7.38,7.38,7.38,124
2025-04-29,944,7.38,7.38,7.38,7.38,100
2025-04-29,952,6.9227,6.9227,6.8863,6.8863,520
2025-04-29,955,7.38,7.38,7.38,7.38,221
2025-04-29,956,6.84,6.84,6.72,6.72,200
2025-04-29,1001,7.59,7.73,7.5197,7.7299,3522
2025-04-29,1002,7.38,7.9499,7.38,7.7985,4716
2025-04-29,1003,7.89,8.0,7.65,8.0,4950
2025-04-29,1004,8.09,8.5,8.0601,8.41,6184
2025-04-29,1005,8.4,8.4,7.7925,7.94,2700
2025-04-29,1006,8.26,8.3019,8.08,8.3,8614
2025-04-29,1007,8.17,8.35,8.17,8.301,10487
2025-04-29,1008,8.32,8.32,8.11,8.11,1492
2025-04-29,1009,8.1477,8.27,8.1477,8.2109,1216
2025-04-29,1010,8.15,8.16,8.15,8.16,208
2025-04-29,1011,8.13,8.32,8.13,8.32,543
2025-04-29,1014,8.18,8.18,8.17,8.17,500
2025-04-29,1017,8.125,8.125,7.8849,7.8849,445
2025-04-29,1019,8.37,8.93,8.16,8.93,14350
2025-04-29,1025,9.39,9.4,9.03,9.3,26139
2025-04-29,1026,9.35,9.75,9.17,9.17,33804
2025-04-29,1027,9.17,9.4,9.17,9.3703,7705
2025-04-29,1028,9.1822,9.38,9.17,9.175,5246
2025-04-29,1029,9.17,9.33,9.0,9.0101,10799
2025-04-29,1030,9.17,9.62,9.028,9.61,27168
2025-04-29,1031,9.242,9.649,9.2001,9.43,8600
2025-04-29,1032,9.59,9.71,9.5136,9.71,8441
2025-04-29,1033,9.65,10.15,9.5501,10.15,25983
2025-04-29,1034,10.1999,10.32,9.7301,9.91,43506
2025-04-29,1035,10.0,10.3,9.81,10.276,13521
2025-04-29,1036,10.1801,10.32,9.9001,10.07,14230
2025-04-29,1037,10.07,10.1404,9.21,9.28,14599
2025-04-29,1038,9.28,9.6458,9.0,9.1,21837
2025-04-29,1039,9.2,9.5496,9.0509,9.5496,7870
2025-04-29,1040,9.39,9.4974,9.26,9.4009,2221
2025-04-29,1041,9.4099,9.45,9.25,9.26,4109
2025-04-29,1042,9.47,9.58,9.31,9.58,932
2025-04-29,1043,9.58,9.59,9.4038,9.59,2907
2025-04-29,1044,9.6,9.9,9.5,9.51,5914
2025-04-29,1045,9.5099,9.5099,9.32,9.4712,1142
2025-04-29,1046,9.5,9.5,9.3199,9.3845,2372
2025-04-29,1047,9.47,9.47,9.47,9.47,271
2025-04-29,1048,9.39,9.39,9.38,9.38,1127
2025-04-29,1049,9.38,9.4688,9.35,9.4688,1539
2025-04-29,1050,9.35,9.35,8.9481,9.0643,11139
2025-04-29,1051,9.0519,9.2,9.05,9.0501,4493
2025-04-29,1052,9.03,9.03,8.73,8.73,3764
2025-04-29,1053,8.9001,8.99,8.7284,8.89,5819
2025-04-29,1054,8.9,9.02,8.9,9.02,2598
2025-04-29,1055,8.9,9.04,8.8001,8.8001,2258
2025-04-29,1056,8.8724,9.21,8.8724,9.0821,935
2025-04-29,1057,9.146,9.146,9.07,9.07,3259
2025-04-29,1058,9.07,9.08,9.07,9.08,1033
2025-04-29,1059,9.08,9.08,8.9355,8.9355,2615
2025-04-29,1100,8.99,9.15,8.925,9.025,3014
2025-04-29,1101,9.0259,9.15,9.01,9.01,3834
2025-04-29,1103,8.9,9.17,8.9,8.99,1579
2025-04-29,1104,9.05,9.125,9.05,9.07,458
2025-04-29,1105,9.1158,9.12,9.045,9.045,760
2025-04-29,1108,9.16,9.1852,9.03,9.03,3680
2025-04-29,1109,8.9962,9.1597,8.9962,9.1584,390
2025-04-29,1110,8.8929,9.2,8.8929,9.18,14792
2025-04-29,1111,9.2673,9.2699,9.2,9.2,1456
2025-04-29,1112,9.1,9.1849,8.8801,8.936,8375
2025-04-29,1113,9.0,9.5,8.9812,9.0,17230
2025-04-29,1114,9.1766,9.1766,9.1766,9.1766,164
2025-04-29,1115,9.2,9.39,9.2,9.3782,2851
2025-04-29,1116,9.4,9.7799,9.3701,9.5135,7074
2025-04-29,1117,9.7343,10.0,9.55,10.0,9776
2025-04-29,1118,9.93,10.0,9.8701,9.9254,8684
2025-04-29,1119,9.8711,10.0,9.8001,9.9916,7319
2025-04-29,1120,9.9508,10.0,9.94,9.9401,7081
2025-04-29,1121,9.9481,9.9481,9.8001,9.8001,3757
2025-04-29,1122,9.8174,9.87,9.8,9.87,6847
2025-04-29,1123,9.8923,9.8923,9.8005,9.8005,1981
2025-04-29,1124,9.8176,9.845,9.8001,9.8001,791
2025-04-29,1125,9.8101,10.0,9.81,9.9794,6618
2025-04-29,1126,9.9,10.32,9.8972,10.19,18099
2025-04-29,1127,10.1504,10.19,9.5,9.5001,10391
2025-04-29,1128,9.51,9.9,9.5,9.9,10864
2025-04-29,1129,9.79,9.93,9.7301,9.7301,9680
2025-04-29,1130,9.76,9.84,9.5501,9.84,1944
2025-04-29,1131,9.8076,9.81,9.7873,9.7873,1023
2025-04-29,1132,9.76,9.76,9.74,9.74,502
2025-04-29,1133,9.74,9.77,9.74,9.77,678
2025-04-29,1134,9.7,9.7,9.56,9.59,1729
2025-04-29,1135,9.59,9.6999,9.53,9.6,2397
2025-04-29,1136,9.5218,9.6,9.5009,9.5009,1671
2025-04-29,1137,9.6499,9.7805,9.5917,9.7805,3804
2025-04-29,1138,9.67,9.75,9.55,9.75,742
2025-04-29,1139,9.665,9.665,9.5788,9.5788,470
2025-04-29,1142,9.57,9.57,9.57,9.57,266
2025-04-29,1144,9.63,9.6993,9.6299,9.69,2133
2025-04-29,1145,9.67,9.67,9.67,9.67,195
2025-04-29,1146,9.58,9.74,9.58,9.7056,1089
2025-04-29,1147,9.7093,9.8,9.6216,9.77,4369
2025-04-29,1148,9.62,9.62,9.62,9.62,453
2025-04-29,1150,9.6999,9.9,9.6999,9.8999,3516
2025-04-29,1151,9.9356,9.9356,9.5601,9.5601,3458
2025-04-29,1152,9.87,9.87,9.87,9.87,154
2025-04-29,1154,9.6805,9.74,9.67,9.67,2816
2025-04-29,1155,9.81,9.95,9.7411,9.95,5394
2025-04-29,1156,9.94,10.2,9.825,10.2,18529
2025-04-29,1157,10.2,10.3,10.0868,10.2997,11145
2025-04-29,1158,10.27,10.7,10.1831,10.7,27670
2025-04-29,1159,10.71,10.83,10.3,10.43,36234
2025-04-29,1200,10.4201,10.5849,10.32,10.3301,13406
2025-04-29,1201,10.33,10.4499,10.01,10.27,16999
2025-04-29,1202,10.17,10.28,10.17,10.28,714
2025-04-29,1203,10.2,10.25,10.1101,10.25,2294
2025-04-29,1204,10.225,10.25,10.08,10.25,1801
2025-04-29,1205,10.1218,10.27,10.1218,10.13,2854
2025-04-29,1206,10.21,10.21,10.1401,10.15,593
2025-04-29,1207,10.1514,10.3286,10.1514,10.26,5851
2025-04-29,1208,10.32,10.33,10.26,10.33,1538
2025-04-29,1209,10.27,10.3988,10.27,10.34,1034
2025-04-29,1210,10.34,10.45,10.34,10.45,5334
2025-04-29,1211,10.5099,10.6684,10.4601,10.5999,6488
2025-04-29,1212,10.62,10.7419,10.5916,10.6156,10255
2025-04-29,1213,10.63,11.0513,10.63,10.8168,27132
2025-04-29,1214,10.92,10.9203,10.7501,10.8805,8119
2025-04-29,1215,10.85,10.85,10.54,10.7001,13393
2025-04-29,1216,10.744,11.09,10.7012,10.9073,12681
2025-04-29,1217,10.8609,11.03,10.8229,11.0,5640
2025-04-29,1218,10.96,10.96,10.9,10.9,7369
2025-04-29,1219,10.86,11.1787,10.7601,11.0,12061
2025-04-29,1220,11.065,11.2399,11.065,11.2058,23108
2025-04-29,1221,11.18,11.41,11.15,11.2699,35526
2025-04-29,1222,11.26,11.26,11.0,11.0101,24610
2025-04-29,1223,11.02,11.48,11.0101,11.35,24640
2025-04-29,1224,11.31,11.4,11.2,11.2101,18225
2025-04-29,1225,11.2673,11.2993,11.04,11.2399,11841
2025-04-29,1226,11.2,11.22,11.0401,11.0445,9248
2025-04-29,1227,11.05,11.25,11.0448,11.2386,17816
2025-04-29,1228,11.1516,11.3271,11.1201,11.3,12900
2025-04-29,1229,11.3,11.81,11.3,11.615,37020
2025-04-29,1230,11.615,11.62,11.42,11.42,20554
2025-04-29,1231,11.3772,11.6,11.35,11.3593,20386
2025-04-29,1232,11.4682,11.47,11.31,11.31,9759
2025-04-29,1233,11.2099,11.3299,11.0,11.3296,19733
2025-04-29,1234,11.2601,11.35,11.25,11.325,6927
2025-04-29,1235,11.3284,11.3284,11.2,11.203,7468
2025-04-29,1236,11.2201,11.29,11.2096,11.2096,4783
2025-04-29,1237,11.2001,11.21,11.2001,11.2017,1597
2025-04-29,1238,11.2001,11.2001,11.12,11.1201,9138
2025-04-29,1239,11.12,11.17,11.0,11.001,7047
2025-04-29,1240,11.06,11.0699,11.0001,11.0699,5431
2025-04-29,1241,11.0306,11.35,11.0306,11.3,5247
2025-04-29,1242,11.25,11.25,11.2488,11.2488,878
2025-04-29,1243,11.1488,11.2999,11.1488,11.25,4918
2025-04-29,1244,11.1824,11.25,11.1824,11.25,948
2025-04-29,1246,11.25,11.6,11.19,11.46,25060
2025-04-29,1247,11.5,11.6,11.2501,11.5201,18559
2025-04-29,1248,11.44,11.85,11.408,11.615,36930
2025-04-29,1249,11.5317,11.66,10.8,10.8001,46557
2025-04-29,1250,10.915,11.25,10.8018,10.97,27159
2025-04-29,1251,11.1089,11.22,11.0101,11.1122,4146
2025-04-29,1252,11.0801,11.38,11.08,11.3038,9388
2025-04-29,1253,11.3,11.31,11.3,11.3,6133
2025-04-29,1254,11.3,11.32,11.1027,11.19,7452
2025-04-29,1255,11.2315,11.2315,11.07,11.155,4189
2025-04-29,1256,11.15,11.15,11.1,11.1499,3019
2025-04-29,1257,11.1487,11.15,11.1001,11.1001,2253
2025-04-29,1258,11.125,11.25,11.1085,11.215,2242
2025-04-29,1259,11.26,11.32,11.25,11.25,1757
2025-04-29,1300,11.29,11.3194,11.23,11.275,2767
2025-04-29,1301,11.2801,11.2801,11.1581,11.2124,3189
2025-04-29,1302,11.15,11.2,11.1,11.1001,4721
2025-04-29,1303,11.1001,11.11,11.1,11.105,2965
2025-04-29,1304,11.04,11.05,10.8501,10.8949,12564
2025-04-29,1305,11.0422,11.0422,10.9601,11.035,3861
2025-04-29,1306,11.055,11.055,11.055,11.055,1029
2025-04-29,1307,11.055,11.3,11.0326,11.0326,5391
2025-04-29,1309,11.27,11.3,11.0501,11.2887,5794
2025-04-29,1310,11.1756,11.2183,11.12,11.2183,3242
2025-04-29,1311,11.2809,11.2809,11.2809,11.2809,551
2025-04-29,1312,11.3,11.4,11.3,11.345,4574
2025-04-29,1313,11.37,11.37,11.2784,11.3355,3269
2025-04-29,1314,11.35,11.4026,11.1501,11.27,10361
2025-04-29,1315,11.22,11.22,11.22,11.22,170
2025-04-29,1316,11.29,11.42,11.1866,11.4032,3451
2025-04-29,1317,11.4,11.4,11.14,11.21,7141
2025-04-29,1318,11.1867,11.2968,11.17,11.17,4936
2025-04-29,1319,11.1621,11.27,11.1621,11.265,1460
2025-04-29,1320,11.28,11.2994,11.21,11.2926,2977
2025-04-29,1322,11.2258,11.24,11.2,11.2,2365
2025-04-29,1323,11.2,11.21,11.17,11.19,7512
2025-04-29,1324,11.1801,11.19,11.15,11.15,5099
2025-04-29,1325,11.15,11.15,10.81,10.9456,8004
2025-04-29,1326,10.8026,10.92,10.8026,10.8572,7269
2025-04-29,1327,10.8001,11.1499,10.8,11.0683,15011
2025-04-29,1328,10.9944,11.115,10.98,11.075,4445
2025-04-29,1329,11.075,11.1499,11.05,11.1499,1174
2025-04-29,1330,11.0348,11.2799,11.0348,11.2799,3874
2025-04-29,1331,11.1501,11.38,11.1501,11.367,4365
2025-04-29,1332,11.35,11.6,11.2979,11.3798,13549
2025-04-29,1333,11.44,11.4891,11.3,11.3219,6176
2025-04-29,1334,11.395,11.4,11.31,11.4,2899
2025-04-29,1335,11.32,11.47,11.32,11.47,7096
2025-04-29,1336,11.47,11.47,11.3,11.3385,7126
2025-04-29,1337,11.3589,11.4115,11.3589,11.3944,2211
2025-04-29,1338,11.4699,11.48,11.3,11.4678,9486
2025-04-29,1339,11.36,11.36,11.36,11.36,841
2025-04-29,1340,11.422,11.4693,11.3733,11.3733,1725
2025-04-29,1341,11.395,11.395,11.304,11.304,7284
2025-04-29,1342,11.32,11.39,11.31,11.33,2794
2025-04-29,1343,11.38,11.41,11.37,11.37,1247
2025-04-29,1344,11.37,11.37,11.37,11.37,630
2025-04-29,1345,11.35,11.42,11.3464,11.4,1466
2025-04-29,1346,11.44,11.44,11.4024,11.44,1993
2025-04-29,1347,11.45,11.45,11.44,11.44,680
2025-04-29,1348,11.4399,11.4399,11.3,11.3114,1862
2025-04-29,1349,11.33,11.345,11.3,11.3,8071
2025-04-29,1350,11.31,11.4,11.31,11.38,1892
2025-04-29,1351,11.345,11.46,11.345,11.46,2669
2025-04-29,1352,11.41,11.5,11.41,11.4933,14592
2025-04-29,1353,11.455,11.61,11.41,11.61,15825
2025-04-29,1354,11.61,11.77,11.5,11.5,21085
2025-04-29,1355,11.455,11.6899,11.45,11.5623,14088
2025-04-29,1356,11.5,11.66,11.5,11.595,1801
2025-04-29,1357,11.5625,11.64,11.5606,11.5948,2461
2025-04-29,1358,11.57,11.575,11.55,11.5599,7167
2025-04-29,1359,11.5552,11.56,11.0,11.02,43404
2025-04-29,1400,11.099,11.099,10.81,10.935,15285
2025-04-29,1401,10.95,10.95,10.85,10.8503,18117
2025-04-29,1402,10.85,10.85,10.3,10.45,24650
2025-04-29,1403,10.42,10.439,10.1,10.15,16813
2025-04-29,1404,10.26,10.35,10.1074,10.275,12078
2025-04-29,1405,10.32,10.32,10.2,10.21,2968
2025-04-29,1406,10.22,10.39,10.2,10.326,7892
2025-04-29,1407,10.35,10.45,10.3,10.3,9862
2025-04-29,1408,10.275,10.31,10.275,10.28,9413
2025-04-29,1409,10.305,10.3399,10.3001,10.3399,1426
2025-04-29,1410,10.2701,10.3294,10.27,10.27,2315
2025-04-29,1411,10.2693,10.2715,9.65,9.65,21845
2025-04-29,1412,9.73,10.41,9.73,10.0108,12345
2025-04-29,1413,10.0319,10.11,10.0301,10.11,1636
2025-04-29,1414,10.05,10.09,9.995,10.09,4486
2025-04-29,1415,10.07,10.07,10.0259,10.0259,2461
2025-04-29,1416,9.99,10.06,9.99,10.06,2877
2025-04-29,1417,10.09,10.19,9.984,9.984,3915
2025-04-29,1418,10.065,11.0,10.065,11.0,19749
2025-04-29,1419,10.7,10.71,10.48,10.54,1502
2025-04-29,1420,10.445,10.445,10.315,10.315,1156
2025-04-29,1421,10.0295,10.57,10.0295,10.57,6921
2025-04-29,1422,10.303,10.57,10.303,10.435,2807
2025-04-29,1423,10.502,10.57,10.4001,10.43,8315
2025-04-29,1424,10.5,10.6,10.495,10.525,10823
2025-04-29,1425,10.6,10.6,10.45,10.5777,2519
2025-04-29,1426,10.4968,10.6,10.4968,10.52,4646
2025-04-29,1427,10.62,10.62,10.6,10.6,2493
2025-04-29,1428,10.5899,10.59,10.56,10.56,968
2025-04-29,1429,10.51,10.51,10.5,10.5,1603
2025-04-29,1430,10.505,10.5999,10.505,10.595,5450
2025-04-29,1431,10.595,10.6,10.54,10.54,1867
2025-04-29,1432,10.5,10.5,10.28,10.28,732
2025-04-29,1433,10.3,10.3,10.3,10.3,396
2025-04-29,1434,10.48,10.5,10.48,10.5,282
2025-04-29,1436,10.52,10.52,10.52,10.52,1444
2025-04-29,1437,10.5,10.5,10.5,10.5,456
2025-04-29,1439,10.56,10.575,10.4501,10.4501,1070
2025-04-29,1440,10.7,10.7,10.57,10.6642,1047
2025-04-29,1441,10.57,10.6999,10.57,10.6999,203
2025-04-29,1442,10.66,10.66,10.66,10.66,209
2025-04-29,1444,10.69,10.69,10.5532,10.5532,725
2025-04-29,1445,10.55,10.6,10.52,10.6,759
2025-04-29,1446,10.6,10.6,10.6,10.6,212
2025-04-29,1448,10.65,10.7,10.6344,10.6555,2357
2025-04-29,1449,10.75,10.75,10.61,10.61,5810
2025-04-29,1450,10.75,10.94,10.75,10.815,3727
2025-04-29,1451,10.92,10.92,10.815,10.815,953
2025-04-29,1452,10.884,10.884,10.7782,10.7954,2474
2025-04-29,1453,10.78,10.78,10.6513,10.6513,3657
2025-04-29,1454,10.6401,10.675,10.6401,10.675,2062
2025-04-29,1455,10.64,10.64,10.34,10.34,4786
2025-04-29,1456,10.3708,10.38,10.3701,10.38,1348
2025-04-29,1457,10.49,10.49,10.3957,10.3957,722
2025-04-29,1458,10.5083,10.5083,10.5083,10.5083,1238
2025-04-29,1500,10.4217,10.4217,10.4217,10.4217,391
2025-04-29,1501,10.42,10.435,10.42,10.435,2972
2025-04-29,1502,10.435,10.435,10.4301,10.4311,1424
2025-04-29,1504,10.39,10.391,10.39,10.391,266
2025-04-29,1505,10.45,10.5,10.45,10.49,3494
2025-04-29,1507,10.445,10.4745,10.4159,10.435,5774
2025-04-29,1508,10.42,10.42,10.42,10.42,260
2025-04-29,1510,10.5686,10.5686,10.5686,10.5686,949
2025-04-29,1513,10.45,10.5799,10.45,10.47,1351
2025-04-29,1514,10.4642,10.485,10.4642,10.485,495
2025-04-29,1515,10.485,10.59,10.485,10.5827,2393
2025-04-29,1516,10.54,10.54,10.5001,10.5001,1199
2025-04-29,1517,10.51,10.52,10.51,10.52,1194
2025-04-29,1518,10.58,10.58,10.5773,10.5773,2150
2025-04-29,1519,10.5999,10.5999,10.5999,10.5999,529
2025-04-29,1520,10.5118,10.671,10.5118,10.671,7264
2025-04-29,1521,10.605,11.28,10.605,11.0403,20310
2025-04-29,1522,10.9128,11.0,10.9128,11.0,1321
2025-04-29,1524,10.9423,10.9423,10.93,10.936,776
2025-04-29,1525,10.99,10.99,10.92,10.94,2685
2025-04-29,1526,10.93,10.95,10.93,10.93,2468
2025-04-29,1527,10.9399,10.9995,10.935,10.975,7569
2025-04-29,1528,11.0,11.0,10.94,10.9999,7661
2025-04-29,1529,10.99,11.0452,10.99,11.04,3567
2025-04-29,1530,11.1659,11.1659,11.0305,11.0504,2328
2025-04-29,1531,11.07,11.0848,11.0,11.001,1994
2025-04-29,1532,11.06,11.06,10.9806,11.06,2533
2025-04-29,1533,10.98,10.9999,10.98,10.9999,1523
2025-04-29,1534,10.985,10.99,10.98,10.98,2255
2025-04-29,1535,10.98,10.9801,10.98,10.98,1473
2025-04-29,1536,10.91,11.0,10.91,10.9203,4202
2025-04-29,1537,10.99,11.0502,10.93,10.97,1733
2025-04-29,1538,10.94,10.94,10.9001,10.9001,1309
2025-04-29,1539,10.99,10.99,10.9,10.91,2541
2025-04-29,1540,10.9,10.9,10.68,10.7,3736
2025-04-29,1541,10.74,10.892,10.6,10.72,5950
2025-04-29,1542,10.75,10.75,10.65,10.65,1331
2025-04-29,1544,10.7411,10.7411,10.71,10.71,977
2025-04-29,1545,10.78,11.06,10.78,11.06,5375
2025-04-29,1546,11.06,11.06,10.7101,10.9,4201
2025-04-29,1547,10.7101,10.7101,10.7101,10.7101,515
2025-04-29,1548,11.0,11.0,10.9869,10.9869,6046
2025-04-29,1549,10.91,10.91,10.91,10.91,377
2025-04-29,1550,10.99,11.42,10.99,11.3125,7500
2025-04-29,1551,11.23,11.25,11.2,11.25,3377
2025-04-29,1552,11.25,11.25,11.2,11.23,3278
2025-04-29,1553,11.25,11.42,11.2404,11.42,6278
2025-04-29,1554,11.37,11.6,11.33,11.5,6010
2025-04-29,1555,11.51,11.7,11.31,11.5301,7514
2025-04-29,1556,11.4899,11.4899,11.34,11.34,3694
2025-04-29,1557,11.33,11.3792,11.33,11.3792,1789
2025-04-29,1558,11.4525,11.4525,11.42,11.42,671
2025-04-29,1559,11.44,11.46,11.34,11.34,7560
2025-04-29,1600,11.41,11.41,11.3,11.3001,1328
2025-04-29,1601,11.5,11.5,11.5,11.5,127
2025-04-29,1603,11.4699,11.4699,11.4699,11.4699,676
2025-04-29,1604,11.47,11.47,11.4601,11.4601,775
2025-04-29,1605,11.3301,11.3301,11.33,11.33,941
2025-04-29,1606,11.3,11.3001,11.3,11.3001,922
2025-04-29,1607,11.3,11.3,11.3,11.3,893
2025-04-29,1612,11.31,11.31,11.31,11.31,367
2025-04-29,1613,11.31,11.31,11.31,11.31,372
2025-04-29,1618,11.3,11.3,11.29,11.29,350
2025-04-29,1620,10.95,10.95,10.95,10.95,214
2025-04-29,1622,10.85,10.85,10.85,10.85,101
2025-04-29,1623,11.0,11.0,10.81,10.81,556
2025-04-29,1624,10.92,10.92,10.81,10.81,311
2025-04-29,1625,10.8101,10.8101,10.8101,10.8101,510
2025-04-29,1627,10.92,10.92,10.85,10.9,400
2025-04-29,1628,10.9,10.9,10.9,10.9,206
2025-04-29,1629,10.85,11.0,10.85,11.0,529
2025-04-29,1630,10.85,10.85,10.85,10.85,4000
2025-04-29,1631,10.86,10.86,10.85,10.85,2409
2025-04-29,1637,11.35,11.35,11.35,11.35,199
2025-04-29,1639,11.3,11.3,11.3,11.3,155
2025-04-29,1642,11.38,11.38,11.38,11.38,100
2025-04-29,1657,11.06,11.06,11.06,11.06,176
2025-04-29,1700,11.12,11.12,11.1,11.1,485
2025-04-29,1706,11.12,11.12,11.11,11.11,227
2025-04-29,1714,11.39,11.4,11.39,11.4,262
2025-04-29,1721,11.4,11.4,11.4,11.4,1032
2025-04-29,1728,11.4,11.4,11.4,11.4,500
2025-04-29,1730,11.4,11.4,11.4,11.4,301
2025-04-29,1732,11.3,11.3,11.3,11.3,100
2025-04-29,1736,11.2001,11.2001,11.2001,11.2001,152
2025-04-29,1800,11.3,11.3,11.3,11.3,150
2025-04-29,1804,11.3951,11.3951,11.3951,11.3951,106
2025-04-29,1820,11.4,11.4,11.4,11.4,987
2025-04-29,1821,11.5,11.5,11.5,11.5,174
2025-04-29,1822,11.55,11.69,11.55,11.69,1058
2025-04-29,1823,11.69,11.7,11.69,11.7,10348
2025-04-29,1824,11.3,11.41,11.3,11.41,388
2025-04-29,1825,11.3,11.3,11.21,11.21,600
2025-04-29,1826,11.22,11.3,11.21,11.3,1574
2025-04-29,1827,11.3,11.3,11.25,11.25,4150
2025-04-29,1828,11.25,11.63,11.25,11.63,3998
2025-04-29,1833,11.74,11.74,11.74,11.74,255
2025-04-29,1835,11.7399,11.7399,11.7399,11.7399,100
2025-04-29,1836,11.5,11.5555,11.5,11.5555,805
2025-04-29,1839,11.3,11.3,11.3,11.3,275
2025-04-29,1843,11.73,11.73,11.73,11.73,250
2025-04-29,1903,11.72,11.72,11.72,11.72,165
2025-04-29,1913,11.69,11.69,11.69,11.69,150
2025-04-29,1930,11.6996,11.6996,11.6996,11.6996,200
2025-04-29,1936,11.5,11.5,11.5,11.5,100
2025-04-29,1939,11.68,11.68,11.68,11.68,300
2025-04-29,1944,11.7,11.7,11.7,11.7,148
2025-04-29,1950,11.66,11.66,11.66,11.66,200
2025-04-29,1952,11.65,11.65,11.65,11.65,225
2025-04-29,1955,11.325,11.325,11.325,11.325,150
2025-04-29,1958,11.68,11.68,11.65,11.65,2125
2025-04-29,1959,11.728,11.728,11.728,11.728,110
2025-04-30,406,11.41,11.41,11.41,11.41,213
2025-04-30,552,11.7,11.7,11.7,11.7,287
2025-04-30,608,11.66,11.66,11.66,11.66,100
2025-04-30,612,11.32,11.32,11.32,11.32,201
2025-04-30,657,11.69,11.69,11.33,11.33,254
2025-04-30,719,11.41,11.65,11.41,11.65,764
2025-04-30,725,11.65,11.65,11.65,11.65,587
2025-04-30,726,11.65,11.65,11.65,11.65,1775
2025-04-30,727,11.65,11.65,11.65,11.65,473
2025-04-30,738,11.82,12.14,11.82,12.14,764
2025-04-30,739,12.0,12.0,12.0,12.0,200
2025-04-30,740,12.0,12.0,12.0,12.0,249
2025-04-30,741,12.14,12.14,12.14,12.14,273
2025-04-30,743,12.6,12.6,12.6,12.6,223
2025-04-30,744,12.52,12.79,12.51,12.79,874
2025-04-30,746,12.66,12.66,12.66,12.66,274
2025-04-30,748,12.89,12.9,12.89,12.9,655
2025-04-30,750,13.0,13.0,13.0,13.0,745
2025-04-30,751,13.0,13.0,13.0,13.0,4773
2025-04-30,752,13.15,13.19,13.15,13.18,949
2025-04-30,753,13.15,13.24,13.15,13.24,563
2025-04-30,754,13.18,13.2,13.18,13.2,551
2025-04-30,757,13.2,13.2,13.2,13.2,429
2025-04-30,758,13.24,13.4,13.24,13.4,1601
2025-04-30,759,13.4,13.5,13.4,13.4,4541
2025-04-30,800,12.69,13.5,11.2902,13.3761,22412
2025-04-30,801,13.0,13.0,12.91,12.91,1985
2025-04-30,802,12.5,12.5,12.5,12.5,750
2025-04-30,803,12.51,12.51,12.1701,12.45,1614
2025-04-30,804,12.18,12.2744,12.18,12.25,628
2025-04-30,805,12.49,12.4996,12.4,12.4996,1327
2025-04-30,806,12.5,12.51,12.476,12.51,2275
2025-04-30,807,13.28,13.28,12.51,13.09,2313
2025-04-30,809,12.87,12.87,12.87,12.87,375
2025-04-30,810,12.942,12.942,12.942,12.942,219
2025-04-30,811,12.89,13.0,12.89,12.9999,1266
2025-04-30,812,12.8,12.8,12.8,12.8,478
2025-04-30,815,12.82,12.82,12.82,12.82,558
2025-04-30,816,13.0,13.5707,13.0,13.5707,1642
2025-04-30,817,13.12,13.3,13.12,13.29,1460
2025-04-30,818,13.5,13.5,13.5,13.5,531
2025-04-30,819,13.31,13.457,13.31,13.457,1027
2025-04-30,820,13.3,13.38,13.3,13.38,1074
2025-04-30,821,13.11,13.13,13.11,13.13,503
2025-04-30,822,13.49,13.49,13.32,13.32,2070
2025-04-30,823,13.33,13.33,13.3299,13.3299,710
2025-04-30,824,13.33,13.335,13.3201,13.3201,955
2025-04-30,825,13.32,13.32,13.32,13.32,528
2025-04-30,827,13.32,13.32,13.32,13.32,295
2025-04-30,829,13.33,13.4,13.33,13.33,664
2025-04-30,830,13.32,13.32,13.32,13.32,465
2025-04-30,832,13.32,13.32,13.32,13.32,231
2025-04-30,833,13.4,13.4,13.39,13.39,640
2025-04-30,834,13.39,13.4,13.33,13.3999,1000
2025-04-30,835,13.45,13.45,13.43,13.43,1195
2025-04-30,836,13.43,13.43,13.43,13.43,799
2025-04-30,837,13.44,13.5,13.44,13.5,2743
2025-04-30,838,13.6,13.67,13.6,13.67,1123
2025-04-30,839,13.5263,13.9378,13.5263,13.62,1865
2025-04-30,840,13.7,13.8905,13.7,13.74,914
2025-04-30,841,13.74,13.85,13.74,13.75,2202
2025-04-30,842,13.75,13.75,13.74,13.74,726
2025-04-30,843,13.7,13.7,13.7,13.7,762
2025-04-30,844,13.76,13.76,13.76,13.76,454
2025-04-30,845,13.8001,13.9,13.8001,13.9,424
2025-04-30,846,13.8012,13.81,13.8,13.81,2290
2025-04-30,847,13.8,13.8,13.76,13.76,563
2025-04-30,848,13.76,13.9,13.76,13.9,497
2025-04-30,849,13.76,13.9,13.76,13.79,2351
2025-04-30,850,13.7601,13.7601,13.7601,13.7601,529
2025-04-30,851,13.76,13.7601,13.76,13.7601,659
2025-04-30,852,13.77,13.9,13.77,13.9,1879
2025-04-30,853,13.77,13.77,13.7001,13.75,3861
2025-04-30,854,13.88,13.9,13.8,13.8,4651
2025-04-30,855,13.95,14.0,13.81,14.0,2589
2025-04-30,856,13.99,14.08,13.91,14.08,8159
2025-04-30,857,14.05,14.0864,14.05,14.0864,2192
2025-04-30,858,14.17,14.18,14.17,14.18,1580
2025-04-30,859,14.39,14.39,14.1903,14.2201,6993
2025-04-30,900,14.24,14.25,14.24,14.2401,1185
2025-04-30,901,14.27,14.35,14.2401,14.35,3650
2025-04-30,902,14.4,14.8999,14.4,14.56,6438
2025-04-30,903,14.6,14.8,14.48,14.48,8250
2025-04-30,904,14.41,14.5,14.4,14.4139,4309
2025-04-30,905,14.52,15.09,14.52,15.08,19025
2025-04-30,906,15.13,15.99,15.0,15.01,33820
2025-04-30,907,15.05,15.05,14.6003,14.9899,21247
2025-04-30,908,14.8,14.9,14.77,14.8,4793
2025-04-30,909,14.89,14.95,14.8,14.8,3385
2025-04-30,910,14.9,15.34,14.9,15.25,19634
2025-04-30,911,15.26,15.3,14.8,15.24,10203
2025-04-30,912,14.77,15.01,14.7,14.9,6551
2025-04-30,913,14.97,14.97,14.81,14.84,1961
2025-04-30,914,14.85,14.9,14.74,14.76,8683
2025-04-30,915,14.77,14.81,14.53,14.54,13726
2025-04-30,916,14.66,14.69,14.25,14.25,13187
2025-04-30,917,14.25,14.26,14.16,14.16,9461
2025-04-30,918,14.2,14.2,13.9006,14.16,6605
2025-04-30,919,14.01,14.01,13.9,13.91,10075
2025-04-30,920,13.9,13.9,13.81,13.85,4841
2025-04-30,921,13.93,13.98,13.8349,13.8349,3275
2025-04-30,922,13.88,14.19,13.88,14.19,3967
2025-04-30,923,13.99,14.1,13.99,14.01,1400
2025-04-30,924,14.06,14.09,13.74,14.08,8411
2025-04-30,925,14.22,14.22,13.6903,13.94,2459
2025-04-30,926,13.89,13.89,13.89,13.89,665
2025-04-30,928,13.88,13.9,13.8401,13.88,2220
2025-04-30,929,13.88,14.0,13.88,13.95,3625
2025-04-30,930,14.0,14.4899,13.66,14.05,55451
2025-04-30,931,14.48,15.39,14.335,15.39,36932
2025-04-30,941,16.69,17.5,16.01,17.215,137067
2025-04-30,942,17.215,17.27,15.2,15.95,128101
2025-04-30,943,16.0,17.9,15.9271,17.3,154236
2025-04-30,944,17.3648,17.5,16.11,17.04,102412
2025-04-30,945,17.01,17.5,16.54,17.18,109374
2025-04-30,946,17.1712,17.2999,16.5,16.79,55423
2025-04-30,947,16.8001,17.2,16.5,16.79,45233
2025-04-30,948,16.76,17.13,16.2101,17.13,79471
2025-04-30,949,17.15,17.99,16.79,17.61,124306
2025-04-30,950,17.6001,17.64,16.8,17.025,61243
2025-04-30,951,17.09,17.48,16.53,17.2491,60591
2025-04-30,952,17.2032,17.49,16.91,17.03,48061
2025-04-30,953,17.013,17.06,16.5601,16.6994,25990
2025-04-30,954,16.6989,16.6989,16.0,16.0,83062
2025-04-30,955,16.0,16.256,15.6,15.841,45242
2025-04-30,956,15.91,15.9843,15.7648,15.825,25182
2025-04-30,957,15.77,15.79,15.2,15.45,41420
2025-04-30,958,15.5,15.74,15.4056,15.61,12886
2025-04-30,959,15.6,15.6777,15.46,15.625,12322
2025-04-30,1000,15.59,15.89,15.5231,15.7201,19228
2025-04-30,1001,15.76,15.96,15.76,15.8819,16597
2025-04-30,1002,15.99,15.99,15.8,15.896,11419
2025-04-30,1003,15.85,15.8889,15.59,15.62,9471
2025-04-30,1004,15.65,15.7382,15.61,15.645,3801
2025-04-30,1005,15.5911,16.28,15.59,16.2264,23439
2025-04-30,1006,16.0501,16.3999,16.0,16.11,37186
2025-04-30,1007,16.07,16.6053,16.0501,16.4,29466
2025-04-30,1008,16.3302,16.41,16.1,16.25,22916
2025-04-30,1009,16.15,16.41,16.15,16.2401,15759
2025-04-30,1010,16.34,16.41,16.24,16.24,27657
2025-04-30,1011,16.24,16.24,15.59,15.68,24343
2025-04-30,1012,15.75,15.79,14.5009,14.725,42600
2025-04-30,1013,14.8,14.825,14.18,14.54,39885
2025-04-30,1014,14.56,14.7599,14.4001,14.7,9160
2025-04-30,1015,14.76,15.1,14.2,14.33,15252
2025-04-30,1016,14.44,14.87,14.3218,14.63,5796
2025-04-30,1017,14.76,15.0,14.63,14.9999,12779
2025-04-30,1018,14.895,14.99,14.62,14.9899,11998
2025-04-30,1019,14.6201,14.96,14.6201,14.9214,8525
2025-04-30,1020,14.83,14.8804,14.65,14.8,2802
2025-04-30,1021,14.7403,14.7403,14.2,14.34,16966
2025-04-30,1022,14.4922,14.69,14.36,14.4655,6824
2025-04-30,1023,14.5287,14.87,14.4799,14.62,13629
2025-04-30,1024,14.6988,14.9139,14.69,14.9139,2738
2025-04-30,1025,14.9393,14.9393,14.53,14.62,5739
2025-04-30,1026,14.405,14.8235,14.3908,14.535,4999
2025-04-30,1027,14.555,14.699,14.4323,14.4323,2135
2025-04-30,1028,14.5601,14.5601,14.2033,14.471,13674
2025-04-30,1029,14.4878,14.4878,14.35,14.45,4214
2025-04-30,1030,14.495,14.7,14.46,14.68,20407
2025-04-30,1031,14.67,14.8999,14.67,14.8899,9925
2025-04-30,1032,14.89,15.15,14.7501,14.943,19613
2025-04-30,1033,14.9556,14.99,14.7,14.89,14186
2025-04-30,1034,14.7,14.95,14.7,14.8836,6636
2025-04-30,1035,14.8521,14.8881,14.7201,14.85,2690
2025-04-30,1036,14.89,15.1478,14.89,15.03,5402
2025-04-30,1037,15.075,15.1246,15.0,15.1246,3372
2025-04-30,1038,15.1207,15.4499,15.08,15.19,8026
2025-04-30,1039,15.2114,15.3616,15.125,15.125,4215
2025-04-30,1040,15.1201,15.1799,15.12,15.13,4622
2025-04-30,1041,15.1301,15.1301,14.61,14.61,11751
2025-04-30,1042,14.62,14.9,14.5,14.8,8167
2025-04-30,1043,14.82,15.0,14.81,14.81,1631
2025-04-30,1044,14.8001,14.9792,14.5429,14.84,3931
2025-04-30,1045,14.675,14.8499,14.5259,14.8499,2395
2025-04-30,1046,14.71,14.71,14.58,14.71,3087
2025-04-30,1047,14.6,14.85,14.6,14.8317,1806
2025-04-30,1048,14.63,14.84,14.63,14.7294,1479
2025-04-30,1049,14.7,14.9,14.7,14.7045,1338
2025-04-30,1050,14.88,14.8908,14.88,14.89,1940
2025-04-30,1052,14.9971,14.9971,14.855,14.9113,4716
2025-04-30,1053,14.81,14.81,14.81,14.81,260
2025-04-30,1054,14.85,14.85,14.724,14.724,687
2025-04-30,1055,14.9253,15.33,14.865,15.32,8528
2025-04-30,1056,15.16,15.3,14.99,15.1357,3994
2025-04-30,1057,15.3,15.5999,15.16,15.5,7159
2025-04-30,1058,15.55,15.6,15.4,15.45,11335
2025-04-30,1059,15.45,15.45,15.29,15.3,3944
2025-04-30,1100,15.415,15.44,15.32,15.3604,2980
2025-04-30,1101,15.45,15.52,15.3716,15.478,9599
2025-04-30,1102,15.52,15.9999,15.39,15.76,28845
2025-04-30,1103,15.54,15.64,14.76,15.25,24113
2025-04-30,1104,15.0,15.0721,14.79,15.0721,5074
2025-04-30,1105,15.0621,15.0621,14.9001,14.94,7304
2025-04-30,1106,14.87,14.98,14.8305,14.98,2694
2025-04-30,1107,15.034,15.06,14.7,14.7,5787
2025-04-30,1108,14.855,14.855,14.75,14.845,891
2025-04-30,1109,14.75,14.93,14.63,14.78,2413
2025-04-30,1110,14.78,14.8924,14.63,14.8924,2280
2025-04-30,1111,14.705,14.8816,14.6401,14.69,4723
2025-04-30,1112,14.6,14.709,14.5,14.5018,3230
2025-04-30,1113,14.544,14.57,14.5001,14.55,3008
2025-04-30,1114,14.5,14.58,14.5,14.58,640
2025-04-30,1115,14.5801,14.59,14.51,14.51,2296
2025-04-30,1116,14.5004,14.52,14.5,14.51,2954
2025-04-30,1117,14.5037,14.51,14.5,14.5,4357
2025-04-30,1118,14.51,14.69,14.5,14.505,7828
2025-04-30,1119,14.5001,14.505,14.11,14.27,17702
2025-04-30,1120,14.5399,14.7937,14.19,14.7937,10042
2025-04-30,1121,14.62,14.62,14.3,14.4327,1744
2025-04-30,1122,14.3901,14.3921,14.3901,14.3921,861
2025-04-30,1123,14.515,14.515,14.515,14.515,245
2025-04-30,1124,14.6474,14.79,14.6474,14.79,3103
2025-04-30,1125,14.769,14.8899,14.65,14.75,3552
2025-04-30,1126,14.82,14.8899,14.82,14.8894,3343
2025-04-30,1127,14.9,15.02,14.7956,15.02,3505
2025-04-30,1128,15.02,15.215,15.02,15.1109,8523
2025-04-30,1129,15.2175,15.34,15.1201,15.2344,3097
2025-04-30,1130,15.155,15.155,14.97,14.97,3780
2025-04-30,1132,15.0,15.0,14.92,14.92,606
2025-04-30,1133,15.045,15.045,15.045,15.045,361
2025-04-30,1134,15.1038,15.1038,14.92,14.92,501
2025-04-30,1135,14.952,15.0,14.901,14.9999,11712
2025-04-30,1137,15.1,15.25,15.1,15.21,1964
2025-04-30,1138,14.9878,14.9878,14.96,14.96,1330
2025-04-30,1140,14.9512,15.0488,14.9512,15.0488,3242
2025-04-30,1141,15.045,15.045,15.0,15.0,719
2025-04-30,1142,15.02,15.02,14.9501,14.9501,1029
2025-04-30,1144,15.04,15.05,15.04,15.04,990
2025-04-30,1145,15.1299,15.6299,15.1,15.6299,20759
2025-04-30,1146,15.63,15.7,15.4101,15.6999,10366
2025-04-30,1147,15.5011,15.5011,14.9864,15.01,9756
2025-04-30,1148,15.2,15.201,15.2,15.201,6577
2025-04-30,1149,14.9701,15.13,14.97,15.13,2183
2025-04-30,1150,15.11,15.219,15.105,15.105,3962
2025-04-30,1151,15.2,15.2,15.2,15.2,262
2025-04-30,1152,15.18,15.4899,15.1537,15.2047,19458
2025-04-30,1153,14.9801,15.3999,14.9801,15.19,1891
2025-04-30,1154,15.3999,15.3999,15.145,15.145,5259
2025-04-30,1155,15.2799,15.2799,15.0618,15.165,1053
2025-04-30,1156,15.165,15.165,14.61,14.78,17188
2025-04-30,1157,14.664,14.745,14.62,14.72,2097
2025-04-30,1158,14.68,14.68,14.678,14.678,544
2025-04-30,1159,14.72,14.7399,14.6,14.7399,2518
2025-04-30,1200,14.6,14.6551,14.13,14.29,13090
2025-04-30,1201,14.4,14.5725,14.4,14.5725,679
2025-04-30,1202,14.57,14.7,14.35,14.69,2902
2025-04-30,1203,14.5,14.5,14.5,14.5,629
2025-04-30,1204,14.65,14.65,14.65,14.65,443
2025-04-30,1205,14.57,14.57,14.5,14.51,1308
2025-04-30,1207,14.55,14.61,14.5301,14.5301,3123
2025-04-30,1208,14.6003,14.7527,14.5601,14.5601,2063
2025-04-30,1209,14.74,14.74,14.5601,14.635,3891
2025-04-30,1210,14.61,14.61,14.53,14.53,1727
2025-04-30,1211,14.53,14.53,14.3501,14.3501,3326
2025-04-30,1212,14.43,14.43,14.305,14.305,2582
2025-04-30,1213,14.3005,14.325,13.8,14.01,18982
2025-04-30,1214,14.005,14.01,14.0,14.005,9164
2025-04-30,1215,14.0035,14.14,14.0035,14.14,2545
2025-04-30,1216,14.14,14.195,14.14,14.195,1259
2025-04-30,1217,14.195,14.2,14.19,14.2,1311
2025-04-30,1220,14.25,14.31,14.25,14.31,1190
2025-04-30,1221,14.29,14.29,14.28,14.28,445
2025-04-30,1222,14.3513,14.3513,14.27,14.3,6453
2025-04-30,1223,14.2,14.21,14.06,14.06,3237
2025-04-30,1224,14.1652,14.178,14.1652,14.178,1898
2025-04-30,1225,14.115,14.115,13.91,13.98,1444
2025-04-30,1226,14.0308,14.06,13.6,13.6994,10841
2025-04-30,1227,13.65,13.9,13.65,13.9,6344
2025-04-30,1228,13.954,13.954,13.81,13.85,2606
2025-04-30,1229,13.94,14.0499,13.8301,13.962,2455
2025-04-30,1230,14.0309,14.0309,13.915,13.983,1180
2025-04-30,1231,14.0,14.05,13.84,13.905,2410
2025-04-30,1232,13.91,13.9362,13.91,13.9362,981
2025-04-30,1233,13.928,14.0501,13.928,14.0501,2049
2025-04-30,1234,13.99,13.99,13.99,13.99,1120
2025-04-30,1235,14.03,14.11,14.03,14.085,1976
2025-04-30,1236,14.1,14.198,14.1,14.1431,3396
2025-04-30,1237,14.075,14.15,14.075,14.1,5598
2025-04-30,1238,14.155,14.1869,14.1,14.1,3998
2025-04-30,1239,14.105,14.105,14.01,14.075,2453
2025-04-30,1240,14.03,14.06,14.0,14.06,542
2025-04-30,1242,14.0,14.0,14.0,14.0,454
2025-04-30,1243,14.1,14.1,13.91,13.98,2297
2025-04-30,1244,13.9101,13.9318,13.9101,13.9318,324
2025-04-30,1245,13.912,14.005,13.912,14.0045,1543
2025-04-30,1246,14.005,14.005,13.9964,13.9964,1133
2025-04-30,1247,13.9278,13.9278,13.9278,13.9278,238
2025-04-30,1248,14.04,14.04,13.81,13.81,712
2025-04-30,1249,13.951,13.97,13.84,13.97,2036
2025-04-30,1250,13.9561,13.9561,13.9561,13.9561,317
2025-04-30,1251,13.97,13.97,13.97,13.97,499
2025-04-30,1252,13.95,13.95,13.9447,13.9447,2112
2025-04-30,1253,13.95,13.98,13.95,13.98,454
2025-04-30,1254,13.9102,13.9102,13.9102,13.9102,401
2025-04-30,1255,13.9107,13.98,13.9107,13.97,1328
2025-04-30,1256,14.0488,14.05,14.02,14.04,2967
2025-04-30,1257,14.03,14.03,14.03,14.03,259
2025-04-30,1300,14.0238,14.0293,14.0238,14.0293,428
2025-04-30,1301,14.005,14.02,13.5,13.5,11053
2025-04-30,1302,13.5,13.75,13.5,13.5724,3904
2025-04-30,1303,13.54,13.78,13.5,13.5,6682
2025-04-30,1304,13.51,13.68,13.44,13.54,4891
2025-04-30,1305,13.6854,13.6854,13.6,13.6,2332
2025-04-30,1306,13.53,13.68,13.53,13.68,3258
2025-04-30,1307,13.61,13.68,13.56,13.68,1291
2025-04-30,1308,13.8472,13.8472,13.5,13.6519,3489
2025-04-30,1309,13.4,13.4,13.0,13.0,7683
2025-04-30,1310,13.3328,13.3328,13.16,13.229,2121
2025-04-30,1311,13.145,13.224,12.9,13.0011,7525
2025-04-30,1312,12.945,12.95,12.9,12.905,4474
2025-04-30,1313,12.905,13.135,12.9,13.135,4494
2025-04-30,1314,13.14,13.14,12.98,12.98,881
2025-04-30,1315,12.9702,12.9702,12.93,12.9315,2073
2025-04-30,1316,13.0,13.0,13.0,13.0,257
2025-04-30,1317,13.0326,13.0326,13.0326,13.0326,173
2025-04-30,1318,13.0002,13.01,13.0002,13.01,249
2025-04-30,1319,13.05,13.05,13.05,13.05,3474
2025-04-30,1320,13.24,13.24,13.24,13.24,207
2025-04-30,1321,13.13,13.13,13.0577,13.0577,1664
2025-04-30,1322,13.052,13.24,13.052,13.1697,503
2025-04-30,1323,13.2201,13.24,13.05,13.05,3584
2025-04-30,1324,13.145,13.24,13.1,13.19,1923
2025-04-30,1325,13.19,13.2,13.16,13.165,3057
2025-04-30,1326,13.1898,13.2,13.165,13.2,667
2025-04-30,1327,13.2,13.39,13.2,13.39,2329
2025-04-30,1328,13.39,13.44,13.36,13.44,3467
2025-04-30,1329,13.63,13.95,13.565,13.95,9108
2025-04-30,1331,13.51,13.51,13.51,13.51,711
2025-04-30,1332,13.72,13.79,13.72,13.79,432
2025-04-30,1333,13.7,13.7,13.64,13.64,316
2025-04-30,1334,13.7001,13.7001,13.7001,13.7001,1143
2025-04-30,1335,13.6,13.8,13.6,13.798,1518
2025-04-30,1336,13.69,13.69,13.69,13.69,209
2025-04-30,1337,13.676,13.676,13.676,13.676,1592
2025-04-30,1338,13.675,13.675,13.675,13.675,368
2025-04-30,1340,13.66,13.91,13.6001,13.72,2916
2025-04-30,1342,13.675,13.675,13.5001,13.5001,2591
2025-04-30,1343,13.51,13.51,13.51,13.51,118
2025-04-30,1345,13.625,13.625,13.625,13.625,116
2025-04-30,1347,13.52,13.625,13.52,13.625,314
2025-04-30,1348,13.625,13.625,13.625,13.625,181
2025-04-30,1350,13.625,13.625,13.625,13.625,434
2025-04-30,1351,13.625,13.625,13.565,13.565,459
2025-04-30,1353,13.535,13.535,13.53,13.535,463
2025-04-30,1355,13.51,13.52,13.51,13.52,606
2025-04-30,1358,13.54,13.6,13.54,13.6,479
2025-04-30,1359,13.66,13.6994,13.6,13.6994,1493
2025-04-30,1400,13.7,13.7499,13.62,13.7499,1520
2025-04-30,1401,13.68,13.7492,13.68,13.7492,913
2025-04-30,1402,13.75,13.88,13.75,13.88,1143
2025-04-30,1404,13.8848,13.9,13.8848,13.9,1606
2025-04-30,1405,13.795,13.87,13.7,13.795,904
2025-04-30,1406,13.7284,13.7284,13.7284,13.7284,279
2025-04-30,1407,13.85,13.95,13.83,13.84,5425
2025-04-30,1408,13.74,13.835,13.74,13.835,279
2025-04-30,1409,13.785,13.785,13.785,13.785,205
2025-04-30,1411,13.785,13.785,13.785,13.785,120
2025-04-30,1412,13.9,14.49,13.87,14.49,8994
2025-04-30,1413,14.3419,14.3419,13.95,13.95,1080
2025-04-30,1414,14.31,14.39,14.175,14.175,848
2025-04-30,1415,13.9501,14.14,13.9501,14.14,1384
2025-04-30,1416,14.14,14.14,14.14,14.14,2070
2025-04-30,1417,14.18,14.18,14.18,14.18,259
2025-04-30,1418,14.08,14.38,14.08,14.38,1137
2025-04-30,1419,14.21,14.21,14.21,14.21,348
2025-04-30,1420,14.28,14.28,13.95,13.9744,3648
2025-04-30,1422,14.17,14.17,14.17,14.17,176
2025-04-30,1423,14.3856,14.3856,14.3856,14.3856,284
2025-04-30,1425,13.9802,14.36,13.9802,14.36,1676
2025-04-30,1426,14.165,14.3,13.98,14.2,1535
2025-04-30,1427,13.9639,14.301,13.9639,14.194,1449
2025-04-30,1429,14.1632,14.17,14.1632,14.17,365
2025-04-30,1430,14.3383,14.3383,14.3383,14.3383,446
2025-04-30,1431,14.18,14.18,14.18,14.18,338
2025-04-30,1432,14.1794,14.21,14.1794,14.2,700
2025-04-30,1433,14.1796,14.2477,14.1796,14.2477,941
2025-04-30,1434,14.1794,14.3385,14.1794,14.3385,701
2025-04-30,1435,14.33,14.6,14.33,14.5533,7594
2025-04-30,1436,14.17,14.43,14.17,14.3966,546
2025-04-30,1438,14.495,14.495,14.4,14.495,11280
2025-04-30,1439,14.4085,14.41,14.31,14.31,1528
2025-04-30,1440,14.445,14.445,14.3001,14.3001,1129
2025-04-30,1442,14.445,14.445,14.445,14.445,203
2025-04-30,1443,14.415,14.4901,14.41,14.49,1072
2025-04-30,1444,14.45,14.59,14.45,14.5888,1704
2025-04-30,1445,14.6,14.79,14.6,14.7615,1751
2025-04-30,1446,14.76,14.76,14.7,14.7,1568
2025-04-30,1447,14.73,14.83,14.7,14.76,2889
2025-04-30,1448,14.76,14.98,14.76,14.98,1157
2025-04-30,1449,14.93,15.0,14.815,15.0,3698
2025-04-30,1450,15.16,15.3,14.952,15.3,7911
2025-04-30,1451,15.199,15.495,15.1732,15.495,2942
2025-04-30,1452,15.4793,15.4999,14.98,14.98,6326
2025-04-30,1453,15.0,15.2162,15.0,15.125,4279
2025-04-30,1454,15.1,15.2,15.0251,15.19,2668
2025-04-30,1455,15.1417,15.2499,15.1417,15.2,2431
2025-04-30,1456,15.2,15.48,15.2,15.3988,6136
2025-04-30,1457,15.44,15.44,15.39,15.39,781
2025-04-30,1458,15.45,15.45,15.2,15.251,4270
2025-04-30,1459,15.225,15.5,15.21,15.49,2132
2025-04-30,1500,15.56,15.56,15.3246,15.36,2135
2025-04-30,1501,15.3,15.4026,15.24,15.24,4871
2025-04-30,1502,15.2,15.34,15.0196,15.15,1595
2025-04-30,1503,15.016,15.29,15.016,15.29,1204
2025-04-30,1504,15.29,15.45,15.224,15.44,2529
2025-04-30,1505,15.34,15.6599,15.34,15.4633,10358
2025-04-30,1506,15.584,15.7,15.584,15.7,5334
2025-04-30,1507,15.68,15.7,15.5,15.5,4257
2025-04-30,1508,15.43,15.43,15.3601,15.4201,3108
2025-04-30,1509,15.48,15.49,15.48,15.49,771
2025-04-30,1510,15.38,15.38,14.51,14.604,14761
2025-04-30,1511,14.97,15.3,14.7801,15.2,2509
2025-04-30,1512,15.38,15.38,15.2,15.2,545
2025-04-30,1513,15.18,15.18,14.78,14.78,2628
2025-04-30,1514,14.7101,15.1,14.7101,15.07,4400
2025-04-30,1515,15.09,15.09,14.8,14.92,4286
2025-04-30,1516,14.8,14.8,14.8,14.8,978
2025-04-30,1517,14.855,14.855,14.8,14.8,516
2025-04-30,1518,14.86,14.86,14.86,14.86,393
2025-04-30,1519,14.805,14.805,14.805,14.805,169
2025-04-30,1520,14.71,14.71,14.17,14.1704,5849
2025-04-30,1521,14.3,14.35,14.2824,14.2824,1724
2025-04-30,1522,14.3335,14.3335,14.21,14.21,1203
2025-04-30,1523,14.2,14.2,13.95,14.0,5665
2025-04-30,1524,14.0,14.19,13.9001,14.18,5606
2025-04-30,1525,13.947,14.18,13.947,14.18,2595
2025-04-30,1526,14.19,14.3271,14.19,14.3271,1803
2025-04-30,1527,14.425,14.8,14.425,14.615,1395
2025-04-30,1528,14.52,14.7641,14.51,14.7,1642
2025-04-30,1529,14.344,14.7,14.3,14.505,810
2025-04-30,1530,14.8,14.8,14.49,14.565,1046
2025-04-30,1531,14.58,14.58,14.58,14.58,406
2025-04-30,1532,14.41,14.44,14.25,14.42,1608
2025-04-30,1533,14.4,14.4,14.4,14.4,201
2025-04-30,1535,14.375,14.4999,14.375,14.4999,549
2025-04-30,1536,14.39,14.4,14.375,14.375,2184
2025-04-30,1537,14.2831,14.2831,14.278,14.278,246
2025-04-30,1539,14.4858,14.4858,14.4858,14.4858,592
2025-04-30,1540,14.49,14.49,14.49,14.49,360
2025-04-30,1541,14.47,14.47,14.47,14.47,1024
2025-04-30,1542,14.5,14.5,14.455,14.46,2520
2025-04-30,1543,14.3762,14.47,14.3762,14.47,446
2025-04-30,1544,14.48,14.5999,14.3618,14.3618,2075
2025-04-30,1545,14.444,14.5,14.43,14.5,663
2025-04-30,1546,14.4118,14.43,14.4118,14.43,441
2025-04-30,1548,14.5,14.914,14.5,14.82,6246
2025-04-30,1549,14.82,14.82,14.71,14.71,352
2025-04-30,1550,14.71,14.925,14.7006,14.8,2425
2025-04-30,1551,14.8,14.84,14.8,14.84,1069
2025-04-30,1553,14.85,14.9,14.8014,14.8014,2499
2025-04-30,1554,14.855,14.9,14.8216,14.9,1572
2025-04-30,1555,14.95,15.21,14.95,15.175,12613
2025-04-30,1556,15.1697,15.28,15.05,15.08,3538
2025-04-30,1557,15.06,15.125,14.7,14.77,5520
2025-04-30,1558,14.73,15.0,14.71,14.86,5677
2025-04-30,1559,14.85,14.88,14.5,14.76,11180
2025-04-30,1600,14.9,14.9,14.9,14.9,6998
2025-04-30,1602,14.8,14.8,14.25,14.25,644
2025-04-30,1604,14.25,14.25,14.25,14.25,528
2025-04-30,1607,14.99,15.0,14.99,14.9999,468
2025-04-30,1608,14.9,14.9,14.9,14.9,527
2025-04-30,1616,14.29,14.29,14.29,14.29,171
2025-04-30,1618,14.3,14.3,14.3,14.3,287
2025-04-30,1621,14.3,14.3,14.3,14.3,100
2025-04-30,1627,14.8283,14.8283,14.8283,14.8283,150
2025-04-30,1636,14.36,14.36,14.36,14.36,203
2025-04-30,1639,14.35,14.35,14.32,14.32,698
2025-04-30,1643,14.79,14.89,14.79,14.89,323
2025-04-30,1719,14.89,14.89,14.89,14.89,200
2025-04-30,1729,14.86,14.86,14.86,14.86,1000
2025-04-30,1739,15.0,15.0,15.0,15.0,230
2025-04-30,1753,15.15,15.15,15.15,15.15,208
2025-04-30,1756,15.25,15.25,15.25,15.25,258
2025-04-30,1823,15.44,15.45,15.44,15.45,698
2025-04-30,1835,15.4,15.4,15.4,15.4,107
2025-04-30,1837,15.3801,15.3801,15.3801,15.3801,200
2025-04-30,1839,15.38,15.38,15.38,15.38,400
2025-04-30,1842,15.0,15.0,15.0,15.0,125
2025-04-30,1844,14.99,15.0,14.99,15.0,202
2025-04-30,1848,14.87,14.87,14.87,14.87,100
2025-04-30,1901,14.86,14.87,14.86,14.87,1082
2025-04-30,1906,15.0001,15.0001,15.0001,15.0001,100
2025-04-30,1911,15.31,15.31,15.31,15.31,143
2025-04-30,1917,15.29,15.29,15.29,15.29,150
2025-04-30,1919,15.43,15.44,15.43,15.44,669
2025-04-30,1921,15.5,15.5,15.5,15.5,150
2025-04-30,1923,15.75,15.75,15.75,15.75,250
2025-04-30,1924,15.5,15.64,15.5,15.64,848
2025-04-30,1928,15.64,15.64,15.64,15.64,256
2025-04-30,1932,15.77,15.77,15.77,15.77,157
2025-04-30,1933,15.77,15.77,15.77,15.77,166
2025-04-30,1937,15.7,15.7,15.7,15.7,200
2025-04-30,1938,15.8,15.8,15.79,15.79,551
2025-04-30,1939,15.9,15.9,15.9,15.9,1269
2025-04-30,1940,15.9,15.9,15.89,15.89,243
2025-04-30,1950,15.79,15.79,15.79,15.79,158
2025-04-30,1959,15.78,15.8,15.78,15.8,466
